{
  "DataLoadingTime":  0.05077195167541504,
  "TrainingTime":  0.059813737869262695,
  "EvaluationTime":  0.0003120899200439453
}
