{
"DataLoadingTime":  0.35254597663879395,
"TrainingTime":  88.57600831985474,
"EvaluationTime":  0.9524941444396973
}
