{
 "DataLoadingTime":  0.009116172790527344,
"TrainingTime":  8.99761414527893,
"Accuracy": 0.2833200319233839,
"EvaluationTime":  0.014814138412475586 
}
