{"DataLoadingTime": 0.006009578704833984, "TrainingTime": 11.459198713302612, "EvaluationTime": 0.2543201446533203, "MeanAbsoluteError": 1.55, "Accuracy": 84.83, "AverageBaselineError": 9.6}