{"DataLoadingTime": 0.005983591079711914, "TrainingTime": 5.993693828582764, "EvaluationTime": 0.01795196533203125}