{"DataLoadingTime": 1.463094711303711, "TrainingTime": 1.1914260387420654, "EvaluationTime": 0.024006128311157227}