{"DataLoadingTime": 0.010968446731567383, "TrainingTime": 1.3215341567993164, "EvaluationTime": 0.022939205169677734, "MeanSquaredError": 107.99257413058761}