{
"DataLoadingTime":  0.23415493965148926,
"TrainingTime":  5.1501781940460205,
"EvaluationTime":  0.7000839710235596,
"MeanSquaredError":  143.55535932013376
}
