{
    "DataLoadingTime": 0.06619189999999975,
    "TrainingTime": 5.098504800000001,
    "EvaluationTime": 0.4054093000000023,
    "Accuracy": 0.7838056680161943,
    "F1Score": 0.7818046322868137
}