{
    "DataLoadingTime": 0.18825780000000236,
    "TrainingTime": 4.593016300000002,
    "EvaluationTime": 1.0751589999999993,
    "Silhouette": 0.1612246509624068
}